picture,quality,color,canon,powershot,g3,purchase,picture quality,canon powershot,canon g3,powershot g3,canon powershot g3
camera,fact,trip,week,picture,group
picture,camera,picture
press,box,rest,way
picture
picture,thusfar
work,constituant,g2,canon,picture,quality,work constituant,picture quality
picture,loss,picture,quality,setting,fine,picture quality,picture quality
flash,flash,pinch,flash,card,camera,flash card,flash card,flash card
line,camera,feature,ability,flash,lense,filter,choice,line camera
camera,anyone,quality,picture,combination,ease,use,flexibility,option,quality picture
job,canon,job canon
toy,yep
camera,toy
software,engineer,detail,everything,month,camera,g3,cent,software engineer
overview,powershot,g3,flagship,canon,powershot,series,camera,megapixel,alsmost,manual,control,picture,touch,brilliance,powershot g3,powershot series,g3 camera,canon powershot,canon camera,powershot series,manual control
novice,expert,ease,use,functionality
kind,lens,flash
storage,quality,image,movie,minute,video,quality image
kingston,512mb,cf,kingston 512mb,512mb cf,kingston 512mb cf
choice,type,microdrive,gb,image
thing,hey
nothing
dial
lens,viewfinder,lens viewfinder
viewfinder,fan,lcd,viewfinder fan
toy
canon,g3,canon g3
camera,research,megapixel,camera,megapixel camera
couple,camera,review,site,review,camera,number,resolution,sample,image,model,camera review,camera review,review site,resolution sample,sample image,camera review site,resolution sample image
research,g3
word,camera
detail,online,site,stevesdigicam,dpreview,depth,review,feature,speed,picture,quality,flexibility,automation,convenience,camera,online site,online review,online camera,review picture,picture quality
setting,picture
mode,guide,picture,image
awe,camera,canon,quality,g3,canon g3
camera,budget,guarantee
camera,canon,g3,month,canon g3
hundred,photo,quality,photo quality
g3,feature,camera,shutter,speed,g3 camera,shutter speed
flaw
lens,viewfinder,lens,angle,lcd,time,lens viewfinder
canon,design,flaw,camera,canon camera,design flaw
disappointment,canon,g3,anyone,photography,canon g3,g3 anyone,canon g3 anyone
practice,love,camera,day
quality,fun,feature
feature,camera,thing,symbol
people,screen,time,trouble,attention,display,panel,top,camera,display panel
reason,diopter,adjustment,dial,diopter adjustment,adjustment dial,diopter adjustment dial
adjustment,diopter,adjustment,focus,viewfinder,eyesight,diopter adjustment
fun,camera,review,camera review
positive,slr,programming,exposure,control,latitude,progam,auto,exposure,setting,photo,setting,exposure control,exposure setting,exposure setting,auto exposure,auto setting,auto setting,exposure setting,exposure setting,auto exposure setting,auto exposure setting
range,option
metering,lcd,screen,lcd screen
4mp,target,market,camera,photographer,4x,zoom,thing,result,exposure,setting,lcd,screen,picture,week,film,4mp camera,target market,4x zoom,zoom picture,exposure setting,lcd screen
system
focus,range,scene,push,button,manual,focus,mode,scene,focus range,focus mode,manual focus,manual mode,focus mode,manual focus mode
negative,size,minolta,vecti,s-1,ap,slr,battery,plastic,canon,elph,line,lens,viewfinder,lcd,scoying,minolta vecti,s-1 ap,ap plastic,elph line,lens viewfinder,lcd scoying
camera,camera,set,feature
lcd,screen,direction,picture,lcd screen
picture,lcd
zoom,14x,zoom,addition,picture,zoom,zoom picture,zoom picture
zoom,picture,zoom picture
problem,picture,fringing,etc
canon,computer,software,sort,upload,picture,computer,canon computer,canon software,canon computer,computer software,canon computer software
issue,camera,lens,cap,lens,view,viewfinder,view,lcd,camera lens,camera cap,camera lens,lens cap,lens view,lens viewfinder,lens view,lens view,lens viewfinder,lens view
menu,button
camera,price
everything,price,drop,g3,bargain,camera,price drop,g3 camera
photobug,control
auto,setting,picture,box,auto setting
megapixel,anybody,quality
megapixel,marketing,hype,megapixel marketing,marketing hype,megapixel marketing hype
mural
camera,g3
anyone,point,shoot,step,price,difference,price difference
zoom,range,lense,top,class,zoom range
g3,year
class,quality,work,craftmanship,powershot,g3,buyer,camera,price,camera,period,powershot g3,g3 camera,g3 camera
picture,control,battery,charge,software,casing
pic,camera,quality,photo,auto,mode,quality photo,auto mode
olympus,c-5050,g3,store,hand
olympus,bit,canon,feature,g3,battery,life,camera,type,battery,life,canon,g3,canon g3,canon camera,canon g3,g3 camera,battery life,battery life,battery life,canon g3,canon g3 camera
card,mb
mb,card,simpletech,canon,mb card
camera,camera
photograph,work,camera,use
time,wife,knob,button
camera,cf,card,battery,wife,cf card
lens,zoom,lever,lens zoom,zoom lever,lens zoom lever
camera,canon,colorimetry,lcd
print
image,card,quality,image quality
brand,store,battery,life,company,lcd,finder,color,output,battery life
canon,battery,time,camera,power,knockoff,charger,battery,amazon,canon camera,canon power,battery power,knockoff charger
slr,camera
canon,g3,ton,control,photo,buff,auto,mode,novice,canon g3,photo buff,auto mode
anyone,photo
love,option,f-stop,speed
photo,july,fire,shot,kid,sparkler,july fire
manual
slr,camera,control
manual,point,shoot,control,manual control
spin,dial,priority,speed,subject,aperture,priority,length,program,mode,camera,quality,speed subject,aperture priority,program mode
mode,access,selection,speed,aperture,menu,option,menu option
camera,feature,access
camera,feel,weight
something,substance,plastic,toy,plastic toy
work
media,cf,camera,sandisk,card,media cf,cf card,sandisk card
quality,ease,use,purchase
camera,camera
lot,photography,camera,skill,knowledge
thing,everything
time,picture,auto,mode,joe,auto mode
megapixel
mp,camera,thing,mp camera
canon,website,sample,image,camera,canon website,canon camera,sample image
point,camera
camera,complex
product
g,camera,day,feature,g camera
photo
night,mode,day,night mode
feature,camera
drawback,viewfinder,lens
lcd,problem
camera,market
star
noise,level,camera,noise,iso,noise level
picture,camera,day
feeling,picture,quality,color,sharpness,doubt,imaging,rice,grain,time,b,lens,cover,len,time,au,lens,tigt,damage,picture quality,time b,lens cover,lens tigt,au lens,lens tigt,au lens tigt
wish,canon,way,issue,wish canon
lever
gadget,week,amazon
deal,seller
love,camera
option
hundred,picture
color,picture,balance
4x,zoom,price,range,4x zoom,zoom range,price range
bit
ok,camera,lack,experience,shot,camera,camera experience
month,shot
feature,girl,basketball,game,task,basketball game
film,zoom,p,s,result,effort,film zoom,film p,film s,zoom p,p s,film zoom p
result,life,camera
situation,sort,action,camera,dust
concert
action
film,speed,film speed
grain
time,flash
flash,photo,lot,noise,flash photo
photo,plenty,light,object,photo
camera
printer,output,tale
point,shoot,photography,shoot photography
resolution,cost
time,use,camera,time use,use camera,time use camera
lot,light,desire,quality,camera,light quality
leica,minilux,g3,mine,leica minilux
output
limitation,user,film,slr,quality,flash,equipment,bias,film slr,flash equipment
development,digicam,year,move
slr,frame,sensor,nikon,lens,frame sensor,nikon lens
figure,year,impatient
digicam,feature,limitation
g3,reputation,quality,image,g3 image,quality image
limitation,lag,time,light,quality,flash,lag time,light quality
writing,technology,lag,time,problem,digicam,anyone,film,slr,lag time,time problem,film slr,lag time problem
youve,focus,lock,shutter,release,lag,time,g3,anything,focus lock,lock lag,shutter release,release lag,lag time,lock lag time,shutter release lag,release lag time
lag,time,something,depth,field,point,shoot,digicam,f8,lag time,time something,shoot digicam,lag time something
lock,subject,pet,child,shutter,probability,subject,focus
flash,problem,flash problem
flash,nikon,slr,flash,g3,image,spot,nikon slr,g3 image
g3,shoe,flash,quality,flash,money,metz,ct-4,shoe flash,shoe flash
nikon,flash,canon,camera,metz,metz,module,extension,cord,g3,ct-4,canon camera,canon g3,metz module,metz module,extension cord
metz,flash,45cl-3,quality,g3,metz,module,sca,connector,cord,sca,3000c,metz flash,metz module,metz module,sca 3000c,connector cord,sca 3000c
order,camera,mode,shutter,speed,shutter speed
g3,sync,flash,flash,canon
g3,shutter,sync,youd,time,shutter sync
control,metz,flash,head,sca,control,panel,control panel,metz flash,flash head,control panel,metz flash head
g3,duration,metz,flash,time,exposure,spot,isnt,youve,range,metz,flash,metz flash,metz flash,metz flash
wall
density,filter,metz,flash,problem,cant,density filter,metz flash,flash problem,problem cant
problem,lighting,metz,shadow
youve,exposure,range,g3,image,nikon,f100,film,camera,g3 image,g3 camera,nikon f100,f100 film,film camera,nikon f100 film,f100 film camera
ct-4,flash,head,degree,flash,wall,ct-4 flash,ct-4 flash,flash head,ct-4 flash head
result,image,light
complaint,g3,software,image,image,mode,thing,mbyte,cf,mbyte,cf,image,g3 image,g3 image,g3 image,image mode,image mode,mbyte cf,mbyte cf,mbyte cf
canon,software,image,image,image,setting,camera,canon software,canon camera
file,camera,store,information
file,software,youd,image,camera
experiment
adobe,photoshop,camera,adobe photoshop,adobe camera,photoshop camera,adobe photoshop camera
quality,g3,hardware,g3 hardware
tweaking,exposure,color,ive,film,image,ive film
adobe,camera,show,hardware,mile,software,adobe camera
g3,image,software,fantasy,world,g3 image,image software,fantasy world
photoshop,reality,fantasy,photoshop
youre,image,camera
quality,image,g3,conjunction,flash,system,camera,limitation,anything,resolution,limit,quality image,g3 camera,flash system,resolution limit
sock,month,decision
camera,photo,hobbiest,point,shoot,ability,photo hobbiest,shoot ability
girlfriend,camera,point,hand,time
battery,life,drawback,camera,k.,reeve,battery life,k. reeve
whoa
functionality,picture,breeze,quality,picture quality
month,worth,research,camera,buy,buck,worth buy
viewfinder,instance
lcd,instance,mp,mp
consumer,review,camera,review,site,review site,camera review,review site,camera review site
time
camera,review,camera,consumer,magazine,review,camera review,camera review,camera review,consumer magazine
objection,naysayer,camera,end,g3,try
service,supplier
camera,time,condition
month,photo
flyball,competition,event,dog,hurdle
shutter,position,setting,stopaction,photo,reviewer,stopaction photo
camera,dream,automode,flexibility,aperture,priority,shutter,priority,mode,aperture priority,aperture priority,shutter priority
redwood,forest,feature,option,close-up,photo,trillium,flower,bloom,redwood forest,close-up photo
criticsm,review,fact,lens,viewfinder,lens viewfinder
effect,telephoto,doubler,telephoto doubler
lcd,panel,lcd panel
thing,camera
canon,fan,g2,g3,expectation,something,powershot,g2,canon g3,canon powershot,powershot g2
canon
gain,g2
ability,format,record,review,flexibility,record review
battery,life,hour,hour,g2,hour,nikon,battery life
capture,fileviewer,software,photo,capture,fileviewer software,photo capture
sort,picasa,software,google,interface,g2,picasa software
shape,device,weight,balance
book
sec,f5,.6,nd,filter,environment,nd filter
auto-correction
picture,stone,sun,contour
g2,color,effect,exposure,mode,replacement,effect,func,menu,option,exposure,mode,color effect,color effect,effect func,exposure mode,exposure mode,effect func,menu option,exposure mode
default,setting,sepia,b,w,custom,effect,contrast,saturation,default setting,setting w,b w,custom effect
photostich,software,pic,view,photostich software
course,tool,camera
canon,er,bit
canon,factory,white-correction,setting,user,edge,building,g3,offset,canon g3,factory white-correction,white-correction setting,factory white-correction setting
box,pic
environs,g2,camera,g3,rep
g2,term,haze,color
g3,image,quality,megapixel,digicam,detail,balance,color,response,point,view,g3 image,image quality,megapixel digicam,color response,response point,color response point
g3,image,g3 image
eo,canon,nikon,slr,nikon slr
g2,g2
mistake
g3,problem,light,picture,shutter,shutter,seconds
way,picture
g3,g2
pro-sumer,camera,shopping,camera,nikon,cp5700,olympus,c5050,nikon,cp5000,canon,g3,pro-sumer camera,pro-sumer camera,nikon cp5700,nikon cp5000,olympus c5050,nikon cp5000,canon g3
camera,g3,lot,power
camera,need,mind,fiance,camera
focus,camera
nikon,camera
optics,cp5700,zoom,feature,picture,zoom picture
drawback,user,photographer,lcd,screen,cp5000,photo,format,lcd screen
olympus,c5050,camera,metal,body,olympus c5050,metal body
photo,feature
lcd,screen,lcd screen
photo,artifact,noise
fiance,way,hand
fps602
camera,picture
fiance,feel
canon,g3,canon g3
zoom,photo,detail,camera,swivel,lcd,screen,lot,feature,option,software,fiance,stamp,approval,thumb,zoom camera,swivel lcd,lcd screen,swivel lcd screen
lot,research,camera,purchase,hand,g3,everything
camera,people,observation
buyer,remorse,baby
camera,picture,people
g2,powershot,g3,camera,powershot g3,g3 camera
photographer,photo
megapixel,pro,result,camera,megapixel camera
g2,feature
card,32mb,card,amazon.com,photo,time
catch,catch,canon,g3,camera,camera,unresponsiveness,shot,canon g3,canon camera,canon camera,g3 camera,g3 camera,canon g3 camera,canon g3 camera
purchase,none,camera,friend,delay,shutter,button,camera,picture,camera friend,shutter button
one
thing,film,camera,film camera
fun,film,processing,cost,film processing,processing cost,film processing cost
bug
time,g3,camera,g3 camera
while,flaw,picture,period,time,shutter,button,shutter button
millisecond
picture,child,cannonball,diving,board,shot,moment,diving board
shutter,release,shutter release
splash
moment,g3,camera,shot,g3 camera
way,delay
feature,attachment
button,autofocus,delay,autofocus delay
red-eye,flash
adjustment,camera,camera
canon,eo,film,camera,canon camera,film camera
snap
dim,picture,birthday,candle,ta,kwon,kick,board,birthday candle
canon,g3,canon g3
challenge,anyone,sun,beach,noon,challenge anyone
camera
task
camera,moment
time
moment
dive,kick,moment,reason,camera
film,camera,moment,camera,friend,moment,film camera,film camera,camera friend,camera friend
time,problem,time problem
moment
g3
fun,lack,processing,iphoto
g3,ability,film,camera,moment,g3 camera,film camera
dime,store,top,line,eo,film,camera,ability,moment,dime store,line eo,line camera,film camera
moment-capturing,device,g3,moment,moment-capturing device
%,camera
rebel,ti,equipment,rebel ti
quality,picture,quality picture
picture,rebel,ti,lens,rebel ti
fly,adjustment,fly adjustment
4mp,canon,g3,camera,4mp camera,canon g3,canon camera,g3 camera,canon g3 camera
sony,s85,carl,lens,picture,sony s85
canon,picture,photo,camcorder,shot,camcorder shot
eo,control,menu
review,camera
review
thing,camera,review,camera review
lens,cap,camera,lens cap
instruction,booklet,camera,lens,cap,camera,camera,lens,lens,cap,instruction booklet,camera lens,camera cap,camera lens,camera lens,camera cap,lens cap,lens cap,camera lens,camera lens,camera cap,camera lens,camera lens,camera cap,lens cap,lens cap
lens,cap,lens,lens cap
body,construction,button,casing,etc,body construction
g2,respect
casing
griep,camera
canon,powershot,s20,year,canon powershot,powershot s20,canon powershot s20
flaw,thousand,picture,world
research
canon,choice,decision,brand,microdrive
brand
canon,hand
camera
trip,beuno,aire,iguazu,performance
feature,auto,mode,auto mode
camera,penny
point,note,battery,life,battery life
backup,battery,need,backup battery,battery need
ability,night
camera,year
camera,camera,time,time
lot,research,g3
camera
week,everything,camera
fact,year,feature,camera
mode,thing,manual
menu,plus,camera
day,bunch,picture,battery,indicator,battery indicator
battery,g3,camcorder,battery,picture,day,camcorder battery
friend,change,battery,olympus,picture,friend change
zoom,viewfinder,setting,zoom
flaw,camera,lens,viewfinder,image,camera lens,lens viewfinder
camera,market,advice,thing
thing,lot,future,year,technology,camera,pace,pc,phone,drive
megapixel/4x,zoom,camera,zoom camera
info,camera,dpreview
review,spec,performance,opinion,performance opinion
g2,g3
camera
g2,champagne,finish,champagne finish
g3,work,art
magnesium,finish,line,grip,camera,magnesium finish,line camera
elph,camera,g3
choice,price,range,camera,price range
something,quality,photo,home,time,quality photo
compromise
olympus,c5050z,sony,dcs-f,olympus c5050z,sony dcs-f
camera,feature,dozen,online,review,deal,camera review,dozen online,online review,dozen online review
shortcoming,choice,camera
lens,barrel,view-finder,lens barrel
hand,tiff,format,tiff format
compromise,jpeg
picture,display,waste,battery,power,battery power
focus,metering,lag,shutter
trip
camera
mac,os,x,twain,utility,pic,photoshop,os x,x pic,twain utility
import,iphoto,photoshop
time,software,ok
camera
manual,learning,curve,learning curve
competition
camera
image,quality,color,function,everything,image quality
camera,stitch,picture,canon,website,stitch picture,canon website
olympus,camera,nothing
camera,dye-sub,photo,printer,dye-sub photo,photo printer,dye-sub photo printer
pic,review,camera
pic,film,camera,film camera
computer,print,one
duplicate,brainer
time,money,roll,pic,couple,keeper
crop,cost,time
technology,folk,photo,life,photo life
use,computer
camera,home,hassle
quality,pic,battery,life,time,upload,printing,camera,experience,film,quality pic,battery life,camera experience
camera,none,flaw,something,time
wife,technology,home,camera
kid,pic,camera,one
canon,printer,flash,canon flash
slr,lens,film,point,film point
g3
camera
camera,lot,time,camera,thing,camera
money
budget,camera,choice
design,lot,feature,battery,duration,battery duration
display,position,damage
idea
thing,card,purpose
rule,camera
thing,camera,noise,place,other
cannon,camera,time,anything
expectation,camera
product,product,month,variety,situation
factor,buff,plastic,brick,brick,wow,factor,plastic brick,plastic brick,brick brick,wow factor,plastic brick brick
control
g3,feature,semi-pro,slr,range,option,something,photography
hand,someone,result,idiot,program,auto,mode,idiot program,program mode,auto mode
wife,camera,fact
photo,result,nikon,slr,range,lens,photo lens,nikon slr,nikon lens
g3,screen
point,memory,card,memory card
card,expense
plastic
brass,camera,camera,g3,experience,brass camera,brass camera,camera experience,camera experience
means,model
zoom,lens,unit,camera,bag,lot,zoom lens,zoom camera,lens unit,camera bag,zoom lens unit
handbag,camera,handbag camera
light,handbag,pocket
function,lever,capture,view,mode,function lever,view mode
flash,flash,camera,subject,depth
g3,shoe,canon,flash,bounce,flash,photography,shoe flash,shoe flash,canon flash,canon flash,flash photography,bounce flash,flash photography
strap,way,part,camera,access
camera,strap,quibble
point,functionality,camera
canon,lot,option,control
image,quality,image quality
image,photoshop,software,package,printer,result,image software,software package
poster,g3
range,function,something,everyone,point,shoot,power,function,photography,shoot power,shoot photography
note,camera
lot,opinion,film
research,g3,nothing
camera,camera,price,category
item,right,box
macro,photograph,auto,mode,point,shoot,auto mode
camera,otherdigicam,camera,digicam,megapixel
beat,f717,archrival
canon,resolution,technology,resolution,4mp,resol,4mp resol
monitor,1200x1024,resol,1200x1024 resol
dpreview.com,story
story,usage
corner,lens,barrel,distortion,harm,camea,lcd,screen,viewfinder,lens,distortion,canon,way,parallax,phenomenon,lmost,picture,corner lens,corner lens,lens barrel,lens distortion,lens viewfinder,lens distortion,barrel distortion,barrel distortion,camea lcd,lcd screen,lcd viewfinder,lens distortion,parallax phenomenon,corner lens barrel,lens barrel distortion,lens barrel distortion,camea lcd screen
viewfinder,camera,lens,distortion,parallax,phenomenon,camera lens,lens distortion,parallax phenomenon
distortion,flaw
picture,notice,people,error,compactflash,shot,issue,effect,compactflash,digicam,brand,effect compactflash,digicam brand
diagno,fix
term,shot,camera
picture,curve,ton,feature
term,litium,battery,litium battery
charge,shot
viking,flash,shot,resolution,max,picture,quality,subnotebook,usb,connection,ton,drive,space,trip,subnotebook,compactflash,max picture,picture quality,usb connection,drive space,max picture quality
flash,hate,fear,connetion,camera,cf,erro,cf erro
canon,g2,g3,canon g3
winner
picture,quality,durability,snow,car,boat,wind,picture quality
suggestion,lens,protector,shooting,lens,lens,coating,wipe,mm,adapter,uv,lens,filter,lensmateonline.com,lens protector,lens coating,lens adapter,lens filter,shooting lens,shooting lens,shooting lens,lens coating,lens adapter,lens filter,lens coating,lens adapter,lens filter,mm adapter,uv lens,lens filter,uv lens filter
lens,adapter,g3-better,canon,lens adapter
canon,g3,review,response,recommendation,camera,work,art,science,canon g3,canon camera,g3 review,g3 camera,canon g3 review,canon g3 camera
picture
review,lens,barrel,part,corner,lens,viewfinder,lcd,viewfinder,lens,viewfinder,lens barrel,lens viewfinder,lens viewfinder,lens viewfinder,corner lens,corner lens,lens viewfinder,lens viewfinder,lens viewfinder,lcd viewfinder,lcd viewfinder,lens viewfinder
difference,g2,g3,difference,shooting,lens,control,layout,playback,zoom,image,processing,g3 image,shooting lens,lens zoom,control layout,playback zoom,image processing
rank,product,merchant,amazon,j,r,camera,r camera
consumer,choice,product
amazon,rate,store,rate store
card,camera,shipping,business,day,product,business day
time
call,saturday,guy,bit,saturday
deadline
mon,jan
stock
credit,card,credit card
amazon,anything,time,complaint
order
hope,refund,manner
thanks,nothing,amazon
design,flaw,camera,design,flaw,design flaw,design flaw,design flaw
viewfinder,lcd,corner,picture,%,lens,corner lens
canon,service,center,camera,canon camera,service center
minute,people,lcd,view,finder,design,flaw,camera,lcd view,view finder,design flaw
everything,camera
lcd,view,finder,camera,lcd view,view finder
view,finder,frame,picture,lens,view,view finder,view picture,lens view
problem
powershot,s330,year,megapixel,camera,zoom,adjustability,shoe,flash,control,powershot s330,megapixel camera,shoe flash
nikon,coolpix,canon,g3,g3,ergonomics,price,nikon coolpix,canon g3,canon g3
camera,week,shot,hundred,picture,shot hundred
difference,quality,megapixel,image,megapixel,s330,crop,picture,quality image,quality picture,megapixel image
lens,g3,picture,quality,light,zoom,lens zoom,picture quality
lcd,screen,lcd screen
picture,camera,head,way,problem,camera,shot
unit,shutter,picture
tripod,combination,camera,tripod,control,portrait
shoe,flash,attachment,flash,unit,canon,speedlite,shoe flash,shoe flash,flash attachment,flash unit,flash unit,canon speedlite,shoe flash attachment
difference,quality,photograph,flash,camera,photo,red-eye,shadow,flash,unit,ceiling,wall,pleasing,lighting,quality photo,flash photo,flash unit,flash unit
battery,s330,battery,g3,powerhouse,photo,goddaughter,birthday,party,backup,battery,birthday party,backup battery
g3,type,battery,system,canon,camera,battery,camera,system,camera,battery,g3 camera,g3 camera,g3 camera,canon camera,canon camera,canon camera
adjustment,option,shutter,priority,priority,metering,adjustment,control,manual,adjustment option,shutter priority,shutter priority,metering adjustment
camera,right,box,setting,setting,camera right
negative
s330,g3
weakness,photography,level
button,button,camera
body,construction,bit,plastic,disappointment,steel,heft,s330,body construction,steel heft
mb,card,photo,resolution,mb card
megapixel,photo,difference,file,megapixel photo
gb,drive,image,ibook,memory
time,camera,adobe,photoshop,elment,software,adobe photoshop,photoshop elment
camera,level,software
review,s330,camera,apple,computer,apple computer
line,photography,bug,point-and-shoot,camera,line camera,point-and-shoot camera
tripod,flash,unit,time,difference,photo,flash unit,flash photo
camera,month
wound,card,time,custom,white-balance,setting,custom white-balance,white-balance setting,custom white-balance setting
problem,color,picture,setting
card,piece,paper
exposure-bracket,setting,exposure,press,shutter,exposure,exposure-bracket setting
portrait,situation
telephoto,lens,extension,telephoto lens
camera,photo,price
camera,megapixel,g3,week
comparison,nikon,coolpix,sony,quality,feature,g3,g3,image,quality,resolution,coloration,nikon coolpix,quality image,g3 image,g3 image,image quality
competition,area,battery,life,enthusiast,feature,flash,storage,type,image,format,battery life,enthusiast feature,storage type,image format
camera,order,feature
camera,feature,enthusiast,choice
camera,market
canon,g3,way,g1,g2,fact,coolpix,performance,picture,quality,battery,life,megapixel,camera,canon,megapixel,camera,canon g3,canon camera,canon camera,g3 camera,g3 camera,picture quality,battery life,megapixel camera,megapixel camera,canon camera,megapixel camera,canon g3 camera,canon g3 camera
canon,optics,processing,algorithm,processing algorithm
canon,g3,camera,today,price,point,canon g3,canon camera,g3 camera,price point,canon g3 camera
canon,lens,ibm,microdrive,type,flash,gigabyte,storage,canon flash,ibm microdrive
resolution,setting,maximum,image,gig,card,resolution setting,gig card
battery,life,camera,anything,battery life
nit,camera,wrist,strap,neck,strap,bit,shot,wrist strap,wrist strap,neck strap
shortcoming,camera
camera,g2,camera
canon,quality,lens
hand
point,shoot,camera,pro,shoot camera
