extremely,recently,excellent
past,easy,elderly,very,recent
halfway,just,green
nicely,away,quite
few,highly
easily,not,possible,super,yet,best,even,visable
larger,quickly,4mp
external,bottom,easy,powerful,flexible,very,well
highly,many,excellent
great
cool
first,digital
worth,keen,very,technical,digital,single
slr-like,little,just,full
together
different
high,4mp,bigger
great,fast,very
good,cf
not
perfect
not,backlit,main
visible,optical
too,die-hard,brilliant,around,well,old-school,instead,only,optical
overall,happy
different,extensive,incredible
exhaustive,high,complete,nearly,extremely,online,great,helpful
awesome
not,here,very,great,pleased,functional
automatic,not,yet,bad,really
multiple,panoramic,seamless,together
enormous,absolutely
not
very,satisfied,great,ago
smaller,many,useful,easy,steady,digital,slower
wide,much,not,visible,most,really
not,little,still,suprised
serious,minor,highly,digital
already,not,wonderful,only,full
photo,amazing
already,most,digital,own
not,little,only,so
darn
accurate,so,hard,not,very,small
much,more,accurate,so
creative,excellent,not,amateur,yet,semi-serious
well,as,excellent
great,actually
about,right,nice,generally,general,not,amateur,digital,later,great,semi-serious
also,very,flexible
really,automatically,almost,anywhere,tough,helpful,on-screen
heavy,same,point-and-shoot,quite,bulky,not,very,mostly,ergonomical,borderuer,solid,even
fantastic,digital,wonderful
easy
even
blurry,nice,very,highest,digital,little,great,optical
perfect,highest,optical
usual,so,not,very,digital,purple,yet,pleased
nice,very,digital,easy
too,easily,not,very,snug,only,minor,partially
easy
well,fantastic
currently,recent,digital,available,best
imaginable,more,advanced,creative
perfect,right,full
photo,enough,awesome
not
not
very,friendly,comfortable
moderate,more,huge
faster,extended
pure,unreservedly,reasonable,there,better,digital,first-class,no,potential
easy,user-friendly,forever,chrome,very,single,beautiful,great
soon,as,simply
absolutely,breathtaking
not,user-interface,there,other,friendly,clumsy-looking
larger,compact-flash,least
great
great,else
good,professionally,enough,so
not,same
larger
great
beautiful
256mb,highest,about
optical,less,not,other,even
quickly,right,fairly,here,more,long,proprietary,spare,really,even
great,digital
still,very,easy
great
shutter,even,manually
able,great,4th,amazing
intuitive,very
able,once,located
high,photo,quick,shutter,focal,ideal,full
shutter,manual,easy,fast
not,quickly,good
also,great
not,cheap
more
too,lexar,slow,small
not
outstanding,first,very,digital,pleased
always,happy,not,whole,even
amateur,expert,seriously,pro
same,easily,so,average,very,wonderful,even
great
fine,there,just
simple,probably,very,not
simple,outstanding
very,amazing
highly
new,just,ago,already
excellent
clear
not,yet,easy,once
slightly,only
however,minor
best,overall
significantly,nikon,more
few,just,ago,brillient
so,already,first,completely,here,digital,accidently,few,loose,potential,great,surely,finger-printed
shaky,otherwise,mechanically,not,uneasy
great,last
great,reputable
still
great
white,great
same,other,higher,optical
little,generally
disappointing,very,digital,maybe
few,too,expensive
not,up,just,sure
not,too,much
superior,minimal
light,low
well,as
much,less,just,as,light,even
sure
terrible
next
well,never,still,great
outdoor,not,awesome
not,overall
simple,cheaper,digital
not,extra
again,well,just,as,then
high
versatile,best
sure
versatile,never,less
external,long-time,so,highly,professional,just,responsive
first
really,digital,full
off,least
inherent,hence,point-and-shoot
high,very,clean
bright,very,unsatisfactory,long,built-in,light,focus-locks,even
point-and-shoot,modern,focus-lock,not,simply,never
else,ive,least,better,just,available,once,second
extreme,focus-lock,obtainable
reasonable,amusing,restless,then,still,once
now
external,harsh,internal,easily,flat,hot,relative,ugly
external,already,fortunately,hot,highest
external,proper
ultimate,absolute
manual,f-stop
contrary,ive,third-party,just,elsewhere,dedicated,second
most,also,anyhow,second
then,just
most,completely
too,away,subject,far,close,not,simply,bounce-flashing
easily,longer,neutral,unfortunately,first,available,no
unfortunately,direct,more,attendant,second
utterly,stunning,acceptable,once,hardly
then,tilted,actually
gentlest,theyve,natural,shadow-free
now,raw,first,more,only
not,image-affecting,present,raw
second
actually,raw,true,maybe
raw,instead,plug-in
truly,raw,stunning,plug-in
realistic,accurate,raw,ever
raw,again,plug-in,ahead,once
raw,uncritical
then,plug-in
photorealistic,ive,least,ever,most
easily,raw,ive,professional,stunned,better,never
now,off,great
well,easy,perfect,as
much,most,so
most,digital
manual,quick,astounding,excellent
good,similar,other,digital,best
not,perfect
cheapest,not,well,enough,best
many,not,there,well,digital,as
not,just
online,very,here,digital,leading,great,positive
different,almost
very,glad
exceptional
perfect
topnotch,more,consistently
recently
able,contrary,excellent,other,halfway,ready
tremendous,also,manual
able,coastal,additional,other,wonderful,macro-focussing
online,really,legitimate,only
always
little,great,positive,enough
drastically,difficult,already,perfect,negative,somewhat,never,great
never
great
raw,incredible,post-processing,more,selectively
most
mind-blowing,remote
intuitive,easy,more,as
little,better,squarer,less
big
highly,very,brightly
light,awesome
still,right
now,available,selectable
neutral,vivid,low,well,as,off
new,panoramic
separately
too,neat,quite
much,white,sharper,perhaps
even,straight,english
other,thankfully,easily,dim
astonishingly,personally,less,real,even
best,current,overall,tonal
little,very,really
short
simply,quite,best
so
big
not,low,few
too,blurry,many
actually
digital,awesome
megapixel,5mp,yes,more,just
artistic,photographic,casual,not,well,only,as
easy,main
great
not,great,optical
too,raw,casual,not,small,little,friendly
solid,very
sharp,5mp,easy,relatively,great
usefull,much,not,very,limited
not,just
also
sharp,nice,again,not,as
not
above,up,add-on,4x,far,4mp,5mp,easy,absolutely,least,not,beautiful,last,great,optical
more,digital,down
many,other,great,own,sure
never
not,great,always
not,great,back
so-so,spectacular
plenty,not
slightly,lighter,more,even
about,compactflash,here,inexpensive,pretty,big,512mb,sure
precious,perhaps,digital
digital,prior
not,same
cool
not,yet,just
most,well-behaved
once,indefinite,sometimes,major
not
so
then,new
perhaps
halfway,first,yes
off,yes
film-based,many,unresponsive
own
never,bright
consistently
unbearably,slow
not,fast,responsive,direct
so
not,once,back
blow-out-the-candles
now,immediately,digital
not,real,enough,often
so
not,same,current
disposable
sometimes,unfortunately,digital
happier,happy,first,not,digital
fantastic
then,better,good
just,easier
there,4mp,perhaps,best
too,digital
not,still
easy
not,exhustive
already,many
positive
not,previous
loose,very
simply,off
concerned,easily
very,cheaply
plastic,too
better
more,heavier,sturdy
still
more
few,really
finally
obvious,not,so
different
down,needless
not
not,also,perfect,more
too,advanced,so,new,much,generally
worth,highly
incredible
not
not,actually,long,so
now,=,finally,long,digital,last
ever,glad
far,happy,only,so
probably
able,even
big,intuitive,very
not,fully
standard
optical,awesome
not,little,minor,visible
best,forever,digital,last
hard,not,better,digital,last,few
fairly,easy,available,best,optical
highly
more,digital
boxy
gorgeous,other
happy,perfectly,so
beautiful
very,homely,slightly,curvy
sharp,excellent,silver,better,other,stunning
along,best-designed,squashed,digital,little,most-elegant
good,first,very,digital
far,very,pleased,so
able,high,so,bulky,not
good,really
nikon
best,round
not,perfect
so,much,far,5mp,here,easier
not,bad
nice,raw
raw
complete,quite
maybe,again,first,just,digital
directly
simple,then,very
not,much,other,so
quite,happy
not,too,steep,clearly
yes
best,ever
almost
just,more,cool
digital
already,hi-ti
not,more,many,so
first,most,foremost,better
out,just
cheap
more,just
practically,extra,best
easier,finally,here
new,great
digital
short,slow,digital,poor
new,now,forever,digital
good,just,many,not
new,short,several,expensive
not
now,professional,only
such,different,excellent,not,digital,best
more,better,always
however,excellent
customizable,easy,very,beautiful,amazing,configurable
also,myriad
excellent
compactflash,32mb,not,most,bad,enough,pitiful
however,most,digital,general
good,much,dark,less
not,short
greatest,4mp
powerful,ago
general,easy,well
not,cool,small
well,easy,quickly,extremely
pro,not,good,most,manual
not,good
again,not,before,just,never,soon
better
big,mobile,digital,large
too,negative,small
out,worth,256meg
unnerving
unique,sure
fragile,worth,good
not
not,easily,small
fragile
built-in,main,small
powerful,other,expensive
horrible
minor,very,better,elsewhere
good,mind-blowing
here,easy,logically
not,very,long
excellent
good,excellent
good,more,enough
serious,advanced
first,digital
more,relevant
up,first,extensive
finest,far,best,ever
few,also,electronic
terrific,great,medical
other,perfect,closest
new,4mp,=,glad
flat
anyways
complete
personal
too,away,always,not,yes,exactly
elsewhere
not
certain,partially,other,digital
not
great,insanely
not,short,fabulous,even
extra,important
least,enough,full
extra,512mb,compact,hard,also,4mp,so,long,3lb,enough,full
delicate,compact
anyways
clean,many,only,so
best
quickly,solid,great
however,lower,negative,somewhat,yes,rather,rarely,previous,stunning
such,actually,so,several,continuous,optical
better,never
never,second
not,expedited,later,still
twice
not,actually
so
finally,so
not,still
busy,too
not,enough,busy
not,inept
timely
major
not,bottom,left
defective,technical
not,most,finally
great,else
not,highly,strictly
however,too,much,occasionally
back
external,longer,remote,nearly,hot,more
much,more,due,comfortable
far,so
far,very,pleased,so
noticeable,especially
larger,4-times,closer,much,low,better,just,optical
moveable,great
best,down
remote,postage-stamp,also,not,wonderful,only,tiny
remote,new,also,sturdy,good,remarkable,before,natural-light,indoor,never
hot,sophisticated
greatest,flat,add-on,good,built-in,almost-natural,annoying
real
smaller,also,different
aperature,clear,well,relatively,yet,light
manual,automatic,comfortable,slowly
slightly,better,only,blown-out
just,digital
on-off,lock-out,somewhat,awkward,little,flimsy,tiny
general,stainless,quite
highest,about
more,slowly
internal,quickly,remote,digital,pretty
also,same,highly,enough
easier,digital
serious,bottom,digital,just
immediately,same,separate,sure
now,more,pleased,even
gray
mixed-light,especially
not,white,plain,gray
also,camera-determined,first,darker,then,lighter
useful,especially,difficult-to-meter
very,easy
now,too,also,probably,wide-angle
easy,very,digital,comfortable,best
digital,non-slr,best
outstanding,ultimately,hands-on,dsc-f,superior
external,available,more,almost
fully,many
not,point-and-shoot,less,finer
arguably,non-slr,all-in-all,digital,best
so,far,nikon,amazing,best,almost
also,better
simply,digital,best,there
so,compact
not,fine,very,close
twice,nikon,better,else
slow,fairly,instead,only,minor,boxy
available,digital,still,best,even
same,great,definetely,less
proven
solid
heavy,great,rather